experiment,label,weight,metric,value,aggregation
E1,nearest_neighbor,pair,DA,0.59244851258581233,"metrics within model-seed stream pooled over 5 splits, then equal mean over model seeds"
E1,nearest_neighbor,pair,MAE,1.2880815240066343,"metrics within model-seed stream pooled over 5 splits, then equal mean over model seeds"
E1,nearest_neighbor,pair,RMSE,1.7373611763991874,"metrics within model-seed stream pooled over 5 splits, then equal mean over model seeds"
E1,permuted_xgboost,pair,DA,0.49336384439359265,"metrics within model-seed stream pooled over 5 splits, then equal mean over model seeds"
E1,permuted_xgboost,pair,MAE,1.381587515848685,"metrics within model-seed stream pooled over 5 splits, then equal mean over model seeds"
E1,permuted_xgboost,pair,RMSE,1.5053001087541644,"metrics within model-seed stream pooled over 5 splits, then equal mean over model seeds"
E1,random_forest,pair,DA,0.59473684210526312,"metrics within model-seed stream pooled over 5 splits, then equal mean over model seeds"
E1,random_forest,pair,MAE,1.3164709225777194,"metrics within model-seed stream pooled over 5 splits, then equal mean over model seeds"
E1,random_forest,pair,RMSE,1.3782431882695947,"metrics within model-seed stream pooled over 5 splits, then equal mean over model seeds"
E1,ridge,pair,DA,0.61624713958810073,"metrics within model-seed stream pooled over 5 splits, then equal mean over model seeds"
E1,ridge,pair,MAE,1.2066855422054159,"metrics within model-seed stream pooled over 5 splits, then equal mean over model seeds"
E1,ridge,pair,RMSE,1.3774638189620403,"metrics within model-seed stream pooled over 5 splits, then equal mean over model seeds"
E1,source_prior,pair,DA,0.44828375286041189,"metrics within model-seed stream pooled over 5 splits, then equal mean over model seeds"
E1,source_prior,pair,MAE,1.3960020921825314,"metrics within model-seed stream pooled over 5 splits, then equal mean over model seeds"
E1,source_prior,pair,RMSE,1.4729108441496173,"metrics within model-seed stream pooled over 5 splits, then equal mean over model seeds"
E1,train_mean,pair,DA,0.42517162471395881,"metrics within model-seed stream pooled over 5 splits, then equal mean over model seeds"
E1,train_mean,pair,MAE,1.3989865372392927,"metrics within model-seed stream pooled over 5 splits, then equal mean over model seeds"
E1,train_mean,pair,RMSE,1.4502179839717624,"metrics within model-seed stream pooled over 5 splits, then equal mean over model seeds"
E1,xgboost,pair,DA,0.6327993897787948,"metrics within model-seed stream pooled over 5 splits, then equal mean over model seeds"
E1,xgboost,pair,MAE,1.202765821331043,"metrics within model-seed stream pooled over 5 splits, then equal mean over model seeds"
E1,xgboost,pair,RMSE,1.3529619102295036,"metrics within model-seed stream pooled over 5 splits, then equal mean over model seeds"
E1,zero_delta,pair,DA,0,"metrics within model-seed stream pooled over 5 splits, then equal mean over model seeds"
E1,zero_delta,pair,MAE,1.3817255810671101,"metrics within model-seed stream pooled over 5 splits, then equal mean over model seeds"
E1,zero_delta,pair,RMSE,1.4286139324864433,"metrics within model-seed stream pooled over 5 splits, then equal mean over model seeds"
E2,random_forest_count,pair,DA,0.5852021357742182,"metrics within model-seed stream pooled over 5 splits, then equal mean over model seeds"
E2,random_forest_count,pair,MAE,1.2965903658049538,"metrics within model-seed stream pooled over 5 splits, then equal mean over model seeds"
E2,random_forest_count,pair,RMSE,1.3697948634367529,"metrics within model-seed stream pooled over 5 splits, then equal mean over model seeds"
E2,random_forest_binary,pair,DA,0.60640732265446229,"metrics within model-seed stream pooled over 5 splits, then equal mean over model seeds"
E2,random_forest_binary,pair,MAE,1.2993198277195166,"metrics within model-seed stream pooled over 5 splits, then equal mean over model seeds"
E2,random_forest_binary,pair,RMSE,1.3611938657379785,"metrics within model-seed stream pooled over 5 splits, then equal mean over model seeds"
E2,xgboost_count,pair,DA,0.6082379862700229,"metrics within model-seed stream pooled over 5 splits, then equal mean over model seeds"
E2,xgboost_count,pair,MAE,1.231860229816639,"metrics within model-seed stream pooled over 5 splits, then equal mean over model seeds"
E2,xgboost_count,pair,RMSE,1.4178690873541147,"metrics within model-seed stream pooled over 5 splits, then equal mean over model seeds"
E2,xgboost_binary,pair,DA,0.63867276887871849,"metrics within model-seed stream pooled over 5 splits, then equal mean over model seeds"
E2,xgboost_binary,pair,MAE,1.1594368522280067,"metrics within model-seed stream pooled over 5 splits, then equal mean over model seeds"
E2,xgboost_binary,pair,RMSE,1.3207735697549732,"metrics within model-seed stream pooled over 5 splits, then equal mean over model seeds"
E2,ridge_count,pair,DA,0.65697940503432495,"metrics within model-seed stream pooled over 5 splits, then equal mean over model seeds"
E2,ridge_count,pair,MAE,1.0894374637527144,"metrics within model-seed stream pooled over 5 splits, then equal mean over model seeds"
E2,ridge_count,pair,RMSE,1.3040629132103887,"metrics within model-seed stream pooled over 5 splits, then equal mean over model seeds"
E2,ridge_binary,pair,DA,0.65560640732265452,"metrics within model-seed stream pooled over 5 splits, then equal mean over model seeds"
E2,ridge_binary,pair,MAE,1.1049875566262677,"metrics within model-seed stream pooled over 5 splits, then equal mean over model seeds"
E2,ridge_binary,pair,RMSE,1.2947391628332379,"metrics within model-seed stream pooled over 5 splits, then equal mean over model seeds"
E2,nearest_neighbor_binary,pair,DA,0.62059496567505723,"metrics within model-seed stream pooled over 5 splits, then equal mean over model seeds"
E2,nearest_neighbor_binary,pair,MAE,1.199294123795315,"metrics within model-seed stream pooled over 5 splits, then equal mean over model seeds"
E2,nearest_neighbor_binary,pair,RMSE,1.6520188309468713,"metrics within model-seed stream pooled over 5 splits, then equal mean over model seeds"
E2,permuted_xgboost_binary,pair,DA,0.51578947368421058,"metrics within model-seed stream pooled over 5 splits, then equal mean over model seeds"
E2,permuted_xgboost_binary,pair,MAE,1.3786154886461617,"metrics within model-seed stream pooled over 5 splits, then equal mean over model seeds"
E2,permuted_xgboost_binary,pair,RMSE,1.5068646453952128,"metrics within model-seed stream pooled over 5 splits, then equal mean over model seeds"
E2,source_prior_binary,pair,DA,0.45331807780320366,"metrics within model-seed stream pooled over 5 splits, then equal mean over model seeds"
E2,source_prior_binary,pair,MAE,1.3967828263486191,"metrics within model-seed stream pooled over 5 splits, then equal mean over model seeds"
E2,source_prior_binary,pair,RMSE,1.4746650654106668,"metrics within model-seed stream pooled over 5 splits, then equal mean over model seeds"
E2,train_mean_binary,pair,DA,0.42677345537757438,"metrics within model-seed stream pooled over 5 splits, then equal mean over model seeds"
E2,train_mean_binary,pair,MAE,1.4004047514570361,"metrics within model-seed stream pooled over 5 splits, then equal mean over model seeds"
E2,train_mean_binary,pair,RMSE,1.4525274134339066,"metrics within model-seed stream pooled over 5 splits, then equal mean over model seeds"
E2,zero_delta_binary,pair,DA,0,"metrics within model-seed stream pooled over 5 splits, then equal mean over model seeds"
E2,zero_delta_binary,pair,MAE,1.3817255810671101,"metrics within model-seed stream pooled over 5 splits, then equal mean over model seeds"
E2,zero_delta_binary,pair,RMSE,1.4286139324864431,"metrics within model-seed stream pooled over 5 splits, then equal mean over model seeds"
E1,nearest_neighbor,equal_group,DA,0.59856801909307877,"metrics within model-seed stream pooled over 5 splits, then equal mean over model seeds"
E1,nearest_neighbor,equal_group,MAE,1.2740487203561066,"metrics within model-seed stream pooled over 5 splits, then equal mean over model seeds"
E1,nearest_neighbor,equal_group,RMSE,1.7247798594694492,"metrics within model-seed stream pooled over 5 splits, then equal mean over model seeds"
E1,permuted_xgboost,equal_group,DA,0.49260143198090695,"metrics within model-seed stream pooled over 5 splits, then equal mean over model seeds"
E1,permuted_xgboost,equal_group,MAE,1.3812174281692939,"metrics within model-seed stream pooled over 5 splits, then equal mean over model seeds"
E1,permuted_xgboost,equal_group,RMSE,1.5050825706639526,"metrics within model-seed stream pooled over 5 splits, then equal mean over model seeds"
E1,random_forest,equal_group,DA,0.59212410501193313,"metrics within model-seed stream pooled over 5 splits, then equal mean over model seeds"
E1,random_forest,equal_group,MAE,1.3178360561541156,"metrics within model-seed stream pooled over 5 splits, then equal mean over model seeds"
E1,random_forest,equal_group,RMSE,1.3799680042399818,"metrics within model-seed stream pooled over 5 splits, then equal mean over model seeds"
E1,ridge,equal_group,DA,0.61575178997613367,"metrics within model-seed stream pooled over 5 splits, then equal mean over model seeds"
E1,ridge,equal_group,MAE,1.2045128590916026,"metrics within model-seed stream pooled over 5 splits, then equal mean over model seeds"
E1,ridge,equal_group,RMSE,1.3772692363810546,"metrics within model-seed stream pooled over 5 splits, then equal mean over model seeds"
E1,source_prior,equal_group,DA,0.44677804295942719,"metrics within model-seed stream pooled over 5 splits, then equal mean over model seeds"
E1,source_prior,equal_group,MAE,1.3958792218634406,"metrics within model-seed stream pooled over 5 splits, then equal mean over model seeds"
E1,source_prior,equal_group,RMSE,1.4742083353605917,"metrics within model-seed stream pooled over 5 splits, then equal mean over model seeds"
E1,train_mean,equal_group,DA,0.4243436754176611,"metrics within model-seed stream pooled over 5 splits, then equal mean over model seeds"
E1,train_mean,equal_group,MAE,1.3995969988966686,"metrics within model-seed stream pooled over 5 splits, then equal mean over model seeds"
E1,train_mean,equal_group,RMSE,1.4516813823149943,"metrics within model-seed stream pooled over 5 splits, then equal mean over model seeds"
E1,xgboost,equal_group,DA,0.62354813046937152,"metrics within model-seed stream pooled over 5 splits, then equal mean over model seeds"
E1,xgboost,equal_group,MAE,1.2098937565932095,"metrics within model-seed stream pooled over 5 splits, then equal mean over model seeds"
E1,xgboost,equal_group,RMSE,1.3611391486600857,"metrics within model-seed stream pooled over 5 splits, then equal mean over model seeds"
E1,zero_delta,equal_group,DA,0,"metrics within model-seed stream pooled over 5 splits, then equal mean over model seeds"
E1,zero_delta,equal_group,MAE,1.3818898687651595,"metrics within model-seed stream pooled over 5 splits, then equal mean over model seeds"
E1,zero_delta,equal_group,RMSE,1.4296193369036416,"metrics within model-seed stream pooled over 5 splits, then equal mean over model seeds"
E2,random_forest_count,equal_group,DA,0.5805091487669054,"metrics within model-seed stream pooled over 5 splits, then equal mean over model seeds"
E2,random_forest_count,equal_group,MAE,1.2972611964121796,"metrics within model-seed stream pooled over 5 splits, then equal mean over model seeds"
E2,random_forest_count,equal_group,RMSE,1.3709950546538809,"metrics within model-seed stream pooled over 5 splits, then equal mean over model seeds"
E2,random_forest_binary,equal_group,DA,0.60755767700875107,"metrics within model-seed stream pooled over 5 splits, then equal mean over model seeds"
E2,random_forest_binary,equal_group,MAE,1.2987923157043648,"metrics within model-seed stream pooled over 5 splits, then equal mean over model seeds"
E2,random_forest_binary,equal_group,RMSE,1.3610167899618062,"metrics within model-seed stream pooled over 5 splits, then equal mean over model seeds"
E2,xgboost_count,equal_group,DA,0.6042959427207637,"metrics within model-seed stream pooled over 5 splits, then equal mean over model seeds"
E2,xgboost_count,equal_group,MAE,1.2332959286356462,"metrics within model-seed stream pooled over 5 splits, then equal mean over model seeds"
E2,xgboost_count,equal_group,RMSE,1.4190094947977665,"metrics within model-seed stream pooled over 5 splits, then equal mean over model seeds"
E2,xgboost_binary,equal_group,DA,0.63277645186953058,"metrics within model-seed stream pooled over 5 splits, then equal mean over model seeds"
E2,xgboost_binary,equal_group,MAE,1.1617476179657009,"metrics within model-seed stream pooled over 5 splits, then equal mean over model seeds"
E2,xgboost_binary,equal_group,RMSE,1.3223580694933337,"metrics within model-seed stream pooled over 5 splits, then equal mean over model seeds"
E2,ridge_count,equal_group,DA,0.66491646778042957,"metrics within model-seed stream pooled over 5 splits, then equal mean over model seeds"
E2,ridge_count,equal_group,MAE,1.0768909915843394,"metrics within model-seed stream pooled over 5 splits, then equal mean over model seeds"
E2,ridge_count,equal_group,RMSE,1.2922495393566642,"metrics within model-seed stream pooled over 5 splits, then equal mean over model seeds"
E2,ridge_binary,equal_group,DA,0.65727923627684959,"metrics within model-seed stream pooled over 5 splits, then equal mean over model seeds"
E2,ridge_binary,equal_group,MAE,1.100629729423223,"metrics within model-seed stream pooled over 5 splits, then equal mean over model seeds"
E2,ridge_binary,equal_group,RMSE,1.2906546389255451,"metrics within model-seed stream pooled over 5 splits, then equal mean over model seeds"
E2,nearest_neighbor_binary,equal_group,DA,0.62863961813842484,"metrics within model-seed stream pooled over 5 splits, then equal mean over model seeds"
E2,nearest_neighbor_binary,equal_group,MAE,1.179242468791128,"metrics within model-seed stream pooled over 5 splits, then equal mean over model seeds"
E2,nearest_neighbor_binary,equal_group,RMSE,1.6336895312950106,"metrics within model-seed stream pooled over 5 splits, then equal mean over model seeds"
E2,permuted_xgboost_binary,equal_group,DA,0.51050119331742239,"metrics within model-seed stream pooled over 5 splits, then equal mean over model seeds"
E2,permuted_xgboost_binary,equal_group,MAE,1.3832003587480828,"metrics within model-seed stream pooled over 5 splits, then equal mean over model seeds"
E2,permuted_xgboost_binary,equal_group,RMSE,1.5131964737512054,"metrics within model-seed stream pooled over 5 splits, then equal mean over model seeds"
E2,source_prior_binary,equal_group,DA,0.45131264916467778,"metrics within model-seed stream pooled over 5 splits, then equal mean over model seeds"
E2,source_prior_binary,equal_group,MAE,1.398016766851603,"metrics within model-seed stream pooled over 5 splits, then equal mean over model seeds"
E2,source_prior_binary,equal_group,RMSE,1.4772826073726137,"metrics within model-seed stream pooled over 5 splits, then equal mean over model seeds"
E2,train_mean_binary,equal_group,DA,0.42601431980906923,"metrics within model-seed stream pooled over 5 splits, then equal mean over model seeds"
E2,train_mean_binary,equal_group,MAE,1.4009250533368507,"metrics within model-seed stream pooled over 5 splits, then equal mean over model seeds"
E2,train_mean_binary,equal_group,RMSE,1.453945440082193,"metrics within model-seed stream pooled over 5 splits, then equal mean over model seeds"
E2,zero_delta_binary,equal_group,DA,0,"metrics within model-seed stream pooled over 5 splits, then equal mean over model seeds"
E2,zero_delta_binary,equal_group,MAE,1.3818898687651595,"metrics within model-seed stream pooled over 5 splits, then equal mean over model seeds"
E2,zero_delta_binary,equal_group,RMSE,1.4296193369036414,"metrics within model-seed stream pooled over 5 splits, then equal mean over model seeds"
