fit_ordinal,cell_id,model,split_seed,fold,model_seed,permutation_seed,fit_budget_units
1,ridge|20260624|0|-1,ridge,20260624,0,-1,,1
2,random_forest|20260624|0|20260624,random_forest,20260624,0,20260624,,1
3,random_forest|20260624|0|20260724,random_forest,20260624,0,20260724,,1
4,random_forest|20260624|0|20260801,random_forest,20260624,0,20260801,,1
5,xgboost|20260624|0|20260624,xgboost,20260624,0,20260624,,1
6,xgboost|20260624|0|20260724,xgboost,20260624,0,20260724,,1
7,xgboost|20260624|0|20260801,xgboost,20260624,0,20260801,,1
8,permuted_xgboost|20260624|0|20260803,permuted_xgboost,20260624,0,20260803,310000000,1
9,ridge|20260624|1|-1,ridge,20260624,1,-1,,1
10,random_forest|20260624|1|20260624,random_forest,20260624,1,20260624,,1
11,random_forest|20260624|1|20260724,random_forest,20260624,1,20260724,,1
12,random_forest|20260624|1|20260801,random_forest,20260624,1,20260801,,1
13,xgboost|20260624|1|20260624,xgboost,20260624,1,20260624,,1
14,xgboost|20260624|1|20260724,xgboost,20260624,1,20260724,,1
15,xgboost|20260624|1|20260801,xgboost,20260624,1,20260801,,1
16,permuted_xgboost|20260624|1|20260803,permuted_xgboost,20260624,1,20260803,310000001,1
17,ridge|20260624|2|-1,ridge,20260624,2,-1,,1
18,random_forest|20260624|2|20260624,random_forest,20260624,2,20260624,,1
19,random_forest|20260624|2|20260724,random_forest,20260624,2,20260724,,1
20,random_forest|20260624|2|20260801,random_forest,20260624,2,20260801,,1
21,xgboost|20260624|2|20260624,xgboost,20260624,2,20260624,,1
22,xgboost|20260624|2|20260724,xgboost,20260624,2,20260724,,1
23,xgboost|20260624|2|20260801,xgboost,20260624,2,20260801,,1
24,permuted_xgboost|20260624|2|20260803,permuted_xgboost,20260624,2,20260803,310000002,1
25,ridge|20260624|3|-1,ridge,20260624,3,-1,,1
26,random_forest|20260624|3|20260624,random_forest,20260624,3,20260624,,1
27,random_forest|20260624|3|20260724,random_forest,20260624,3,20260724,,1
28,random_forest|20260624|3|20260801,random_forest,20260624,3,20260801,,1
29,xgboost|20260624|3|20260624,xgboost,20260624,3,20260624,,1
30,xgboost|20260624|3|20260724,xgboost,20260624,3,20260724,,1
31,xgboost|20260624|3|20260801,xgboost,20260624,3,20260801,,1
32,permuted_xgboost|20260624|3|20260803,permuted_xgboost,20260624,3,20260803,310000003,1
33,ridge|20260624|4|-1,ridge,20260624,4,-1,,1
34,random_forest|20260624|4|20260624,random_forest,20260624,4,20260624,,1
35,random_forest|20260624|4|20260724,random_forest,20260624,4,20260724,,1
36,random_forest|20260624|4|20260801,random_forest,20260624,4,20260801,,1
37,xgboost|20260624|4|20260624,xgboost,20260624,4,20260624,,1
38,xgboost|20260624|4|20260724,xgboost,20260624,4,20260724,,1
39,xgboost|20260624|4|20260801,xgboost,20260624,4,20260801,,1
40,permuted_xgboost|20260624|4|20260803,permuted_xgboost,20260624,4,20260803,310000004,1
41,ridge|20260625|0|-1,ridge,20260625,0,-1,,1
42,random_forest|20260625|0|20260624,random_forest,20260625,0,20260624,,1
43,random_forest|20260625|0|20260724,random_forest,20260625,0,20260724,,1
44,random_forest|20260625|0|20260801,random_forest,20260625,0,20260801,,1
45,xgboost|20260625|0|20260624,xgboost,20260625,0,20260624,,1
46,xgboost|20260625|0|20260724,xgboost,20260625,0,20260724,,1
47,xgboost|20260625|0|20260801,xgboost,20260625,0,20260801,,1
48,permuted_xgboost|20260625|0|20260803,permuted_xgboost,20260625,0,20260803,310000005,1
49,ridge|20260625|1|-1,ridge,20260625,1,-1,,1
50,random_forest|20260625|1|20260624,random_forest,20260625,1,20260624,,1
51,random_forest|20260625|1|20260724,random_forest,20260625,1,20260724,,1
52,random_forest|20260625|1|20260801,random_forest,20260625,1,20260801,,1
53,xgboost|20260625|1|20260624,xgboost,20260625,1,20260624,,1
54,xgboost|20260625|1|20260724,xgboost,20260625,1,20260724,,1
55,xgboost|20260625|1|20260801,xgboost,20260625,1,20260801,,1
56,permuted_xgboost|20260625|1|20260803,permuted_xgboost,20260625,1,20260803,310000006,1
57,ridge|20260625|2|-1,ridge,20260625,2,-1,,1
58,random_forest|20260625|2|20260624,random_forest,20260625,2,20260624,,1
59,random_forest|20260625|2|20260724,random_forest,20260625,2,20260724,,1
60,random_forest|20260625|2|20260801,random_forest,20260625,2,20260801,,1
61,xgboost|20260625|2|20260624,xgboost,20260625,2,20260624,,1
62,xgboost|20260625|2|20260724,xgboost,20260625,2,20260724,,1
63,xgboost|20260625|2|20260801,xgboost,20260625,2,20260801,,1
64,permuted_xgboost|20260625|2|20260803,permuted_xgboost,20260625,2,20260803,310000007,1
65,ridge|20260625|3|-1,ridge,20260625,3,-1,,1
66,random_forest|20260625|3|20260624,random_forest,20260625,3,20260624,,1
67,random_forest|20260625|3|20260724,random_forest,20260625,3,20260724,,1
68,random_forest|20260625|3|20260801,random_forest,20260625,3,20260801,,1
69,xgboost|20260625|3|20260624,xgboost,20260625,3,20260624,,1
70,xgboost|20260625|3|20260724,xgboost,20260625,3,20260724,,1
71,xgboost|20260625|3|20260801,xgboost,20260625,3,20260801,,1
72,permuted_xgboost|20260625|3|20260803,permuted_xgboost,20260625,3,20260803,310000008,1
73,ridge|20260625|4|-1,ridge,20260625,4,-1,,1
74,random_forest|20260625|4|20260624,random_forest,20260625,4,20260624,,1
75,random_forest|20260625|4|20260724,random_forest,20260625,4,20260724,,1
76,random_forest|20260625|4|20260801,random_forest,20260625,4,20260801,,1
77,xgboost|20260625|4|20260624,xgboost,20260625,4,20260624,,1
78,xgboost|20260625|4|20260724,xgboost,20260625,4,20260724,,1
79,xgboost|20260625|4|20260801,xgboost,20260625,4,20260801,,1
80,permuted_xgboost|20260625|4|20260803,permuted_xgboost,20260625,4,20260803,310000009,1
81,ridge|20260626|0|-1,ridge,20260626,0,-1,,1
82,random_forest|20260626|0|20260624,random_forest,20260626,0,20260624,,1
83,random_forest|20260626|0|20260724,random_forest,20260626,0,20260724,,1
84,random_forest|20260626|0|20260801,random_forest,20260626,0,20260801,,1
85,xgboost|20260626|0|20260624,xgboost,20260626,0,20260624,,1
86,xgboost|20260626|0|20260724,xgboost,20260626,0,20260724,,1
87,xgboost|20260626|0|20260801,xgboost,20260626,0,20260801,,1
88,permuted_xgboost|20260626|0|20260803,permuted_xgboost,20260626,0,20260803,310000010,1
89,ridge|20260626|1|-1,ridge,20260626,1,-1,,1
90,random_forest|20260626|1|20260624,random_forest,20260626,1,20260624,,1
91,random_forest|20260626|1|20260724,random_forest,20260626,1,20260724,,1
92,random_forest|20260626|1|20260801,random_forest,20260626,1,20260801,,1
93,xgboost|20260626|1|20260624,xgboost,20260626,1,20260624,,1
94,xgboost|20260626|1|20260724,xgboost,20260626,1,20260724,,1
95,xgboost|20260626|1|20260801,xgboost,20260626,1,20260801,,1
96,permuted_xgboost|20260626|1|20260803,permuted_xgboost,20260626,1,20260803,310000011,1
97,ridge|20260626|2|-1,ridge,20260626,2,-1,,1
98,random_forest|20260626|2|20260624,random_forest,20260626,2,20260624,,1
99,random_forest|20260626|2|20260724,random_forest,20260626,2,20260724,,1
100,random_forest|20260626|2|20260801,random_forest,20260626,2,20260801,,1
101,xgboost|20260626|2|20260624,xgboost,20260626,2,20260624,,1
102,xgboost|20260626|2|20260724,xgboost,20260626,2,20260724,,1
103,xgboost|20260626|2|20260801,xgboost,20260626,2,20260801,,1
104,permuted_xgboost|20260626|2|20260803,permuted_xgboost,20260626,2,20260803,310000012,1
105,ridge|20260626|3|-1,ridge,20260626,3,-1,,1
106,random_forest|20260626|3|20260624,random_forest,20260626,3,20260624,,1
107,random_forest|20260626|3|20260724,random_forest,20260626,3,20260724,,1
108,random_forest|20260626|3|20260801,random_forest,20260626,3,20260801,,1
109,xgboost|20260626|3|20260624,xgboost,20260626,3,20260624,,1
110,xgboost|20260626|3|20260724,xgboost,20260626,3,20260724,,1
111,xgboost|20260626|3|20260801,xgboost,20260626,3,20260801,,1
112,permuted_xgboost|20260626|3|20260803,permuted_xgboost,20260626,3,20260803,310000013,1
113,ridge|20260626|4|-1,ridge,20260626,4,-1,,1
114,random_forest|20260626|4|20260624,random_forest,20260626,4,20260624,,1
115,random_forest|20260626|4|20260724,random_forest,20260626,4,20260724,,1
116,random_forest|20260626|4|20260801,random_forest,20260626,4,20260801,,1
117,xgboost|20260626|4|20260624,xgboost,20260626,4,20260624,,1
118,xgboost|20260626|4|20260724,xgboost,20260626,4,20260724,,1
119,xgboost|20260626|4|20260801,xgboost,20260626,4,20260801,,1
120,permuted_xgboost|20260626|4|20260803,permuted_xgboost,20260626,4,20260803,310000014,1
121,ridge|20260724|0|-1,ridge,20260724,0,-1,,1
122,random_forest|20260724|0|20260624,random_forest,20260724,0,20260624,,1
123,random_forest|20260724|0|20260724,random_forest,20260724,0,20260724,,1
124,random_forest|20260724|0|20260801,random_forest,20260724,0,20260801,,1
125,xgboost|20260724|0|20260624,xgboost,20260724,0,20260624,,1
126,xgboost|20260724|0|20260724,xgboost,20260724,0,20260724,,1
127,xgboost|20260724|0|20260801,xgboost,20260724,0,20260801,,1
128,permuted_xgboost|20260724|0|20260803,permuted_xgboost,20260724,0,20260803,310000015,1
129,ridge|20260724|1|-1,ridge,20260724,1,-1,,1
130,random_forest|20260724|1|20260624,random_forest,20260724,1,20260624,,1
131,random_forest|20260724|1|20260724,random_forest,20260724,1,20260724,,1
132,random_forest|20260724|1|20260801,random_forest,20260724,1,20260801,,1
133,xgboost|20260724|1|20260624,xgboost,20260724,1,20260624,,1
134,xgboost|20260724|1|20260724,xgboost,20260724,1,20260724,,1
135,xgboost|20260724|1|20260801,xgboost,20260724,1,20260801,,1
136,permuted_xgboost|20260724|1|20260803,permuted_xgboost,20260724,1,20260803,310000016,1
137,ridge|20260724|2|-1,ridge,20260724,2,-1,,1
138,random_forest|20260724|2|20260624,random_forest,20260724,2,20260624,,1
139,random_forest|20260724|2|20260724,random_forest,20260724,2,20260724,,1
140,random_forest|20260724|2|20260801,random_forest,20260724,2,20260801,,1
141,xgboost|20260724|2|20260624,xgboost,20260724,2,20260624,,1
142,xgboost|20260724|2|20260724,xgboost,20260724,2,20260724,,1
143,xgboost|20260724|2|20260801,xgboost,20260724,2,20260801,,1
144,permuted_xgboost|20260724|2|20260803,permuted_xgboost,20260724,2,20260803,310000017,1
145,ridge|20260724|3|-1,ridge,20260724,3,-1,,1
146,random_forest|20260724|3|20260624,random_forest,20260724,3,20260624,,1
147,random_forest|20260724|3|20260724,random_forest,20260724,3,20260724,,1
148,random_forest|20260724|3|20260801,random_forest,20260724,3,20260801,,1
149,xgboost|20260724|3|20260624,xgboost,20260724,3,20260624,,1
150,xgboost|20260724|3|20260724,xgboost,20260724,3,20260724,,1
151,xgboost|20260724|3|20260801,xgboost,20260724,3,20260801,,1
152,permuted_xgboost|20260724|3|20260803,permuted_xgboost,20260724,3,20260803,310000018,1
153,ridge|20260724|4|-1,ridge,20260724,4,-1,,1
154,random_forest|20260724|4|20260624,random_forest,20260724,4,20260624,,1
155,random_forest|20260724|4|20260724,random_forest,20260724,4,20260724,,1
156,random_forest|20260724|4|20260801,random_forest,20260724,4,20260801,,1
157,xgboost|20260724|4|20260624,xgboost,20260724,4,20260624,,1
158,xgboost|20260724|4|20260724,xgboost,20260724,4,20260724,,1
159,xgboost|20260724|4|20260801,xgboost,20260724,4,20260801,,1
160,permuted_xgboost|20260724|4|20260803,permuted_xgboost,20260724,4,20260803,310000019,1
161,ridge|20260801|0|-1,ridge,20260801,0,-1,,1
162,random_forest|20260801|0|20260624,random_forest,20260801,0,20260624,,1
163,random_forest|20260801|0|20260724,random_forest,20260801,0,20260724,,1
164,random_forest|20260801|0|20260801,random_forest,20260801,0,20260801,,1
165,xgboost|20260801|0|20260624,xgboost,20260801,0,20260624,,1
166,xgboost|20260801|0|20260724,xgboost,20260801,0,20260724,,1
167,xgboost|20260801|0|20260801,xgboost,20260801,0,20260801,,1
168,permuted_xgboost|20260801|0|20260803,permuted_xgboost,20260801,0,20260803,310000020,1
169,ridge|20260801|1|-1,ridge,20260801,1,-1,,1
170,random_forest|20260801|1|20260624,random_forest,20260801,1,20260624,,1
171,random_forest|20260801|1|20260724,random_forest,20260801,1,20260724,,1
172,random_forest|20260801|1|20260801,random_forest,20260801,1,20260801,,1
173,xgboost|20260801|1|20260624,xgboost,20260801,1,20260624,,1
174,xgboost|20260801|1|20260724,xgboost,20260801,1,20260724,,1
175,xgboost|20260801|1|20260801,xgboost,20260801,1,20260801,,1
176,permuted_xgboost|20260801|1|20260803,permuted_xgboost,20260801,1,20260803,310000021,1
177,ridge|20260801|2|-1,ridge,20260801,2,-1,,1
178,random_forest|20260801|2|20260624,random_forest,20260801,2,20260624,,1
179,random_forest|20260801|2|20260724,random_forest,20260801,2,20260724,,1
180,random_forest|20260801|2|20260801,random_forest,20260801,2,20260801,,1
181,xgboost|20260801|2|20260624,xgboost,20260801,2,20260624,,1
182,xgboost|20260801|2|20260724,xgboost,20260801,2,20260724,,1
183,xgboost|20260801|2|20260801,xgboost,20260801,2,20260801,,1
184,permuted_xgboost|20260801|2|20260803,permuted_xgboost,20260801,2,20260803,310000022,1
185,ridge|20260801|3|-1,ridge,20260801,3,-1,,1
186,random_forest|20260801|3|20260624,random_forest,20260801,3,20260624,,1
187,random_forest|20260801|3|20260724,random_forest,20260801,3,20260724,,1
188,random_forest|20260801|3|20260801,random_forest,20260801,3,20260801,,1
189,xgboost|20260801|3|20260624,xgboost,20260801,3,20260624,,1
190,xgboost|20260801|3|20260724,xgboost,20260801,3,20260724,,1
191,xgboost|20260801|3|20260801,xgboost,20260801,3,20260801,,1
192,permuted_xgboost|20260801|3|20260803,permuted_xgboost,20260801,3,20260803,310000023,1
193,ridge|20260801|4|-1,ridge,20260801,4,-1,,1
194,random_forest|20260801|4|20260624,random_forest,20260801,4,20260624,,1
195,random_forest|20260801|4|20260724,random_forest,20260801,4,20260724,,1
196,random_forest|20260801|4|20260801,random_forest,20260801,4,20260801,,1
197,xgboost|20260801|4|20260624,xgboost,20260801,4,20260624,,1
198,xgboost|20260801|4|20260724,xgboost,20260801,4,20260724,,1
199,xgboost|20260801|4|20260801,xgboost,20260801,4,20260801,,1
200,permuted_xgboost|20260801|4|20260803,permuted_xgboost,20260801,4,20260803,310000024,1
